Workbook

Sheet Sheet1
A1: 订货号 | B1: 系列 | C1: 尺寸
A2: 6SL3310-1TE32-1AA3 | B2: =IFERROR(_xlfn.XLOOKUP(A2,全部产品!B:B,全部产品!F:F), IFERROR(_xlfn.XLOOKUP(A2,全部产品!C:C,全部产品!F:F), IFERROR(_xlfn.XLOOKUP(A2,全部产品!D:D,全部产品!F:F), _xlfn.XLOOKUP(A2,全部产品!E:E,全部产品!F:F)))) -> S120 AC/AC | C2: =IFERROR(_xlfn.XLOOKUP(A2,全部产品!B:B,全部产品!A:A), IFERROR(_xlfn.XLOOKUP(A2,全部产品!C:C,全部产品!A:A), IFERROR(_xlfn.XLOOKUP(A2,全部产品!D:D,全部产品!A:A), _xlfn.XLOOKUP(A2,全部产品!E:E,全部产品!A:A)))) -> FX
A3: 6SL3310-1TE32-6AA3 | B3: =IFERROR(_xlfn.XLOOKUP(A3,全部产品!B:B,全部产品!F:F), IFERROR(_xlfn.XLOOKUP(A3,全部产品!C:C,全部产品!F:F), IFERROR(_xlfn.XLOOKUP(A3,全部产品!D:D,全部产品!F:F), _xlfn.XLOOKUP(A3,全部产品!E:E,全部产品!F:F)))) -> S120 AC/AC | C3: =IFERROR(_xlfn.XLOOKUP(A3,全部产品!B:B,全部产品!A:A), IFERROR(_xlfn.XLOOKUP(A3,全部产品!C:C,全部产品!A:A), IFERROR(_xlfn.XLOOKUP(A3,全部产品!D:D,全部产品!A:A), _xlfn.XLOOKUP(A3,全部产品!E:E,全部产品!A:A)))) -> FX
A4: 6SL3310-1TE33-1AA3 | B4: =IFERROR(_xlfn.XLOOKUP(A4,全部产品!B:B,全部产品!F:F), IFERROR(_xlfn.XLOOKUP(A4,全部产品!C:C,全部产品!F:F), IFERROR(_xlfn.XLOOKUP(A4,全部产品!D:D,全部产品!F:F), _xlfn.XLOOKUP(A4,全部产品!E:E,全部产品!F:F)))) -> S120 AC/AC | C4: =IFERROR(_xlfn.XLOOKUP(A4,全部产品!B:B,全部产品!A:A), IFERROR(_xlfn.XLOOKUP(A4,全部产品!C:C,全部产品!A:A), IFERROR(_xlfn.XLOOKUP(A4,全部产品!D:D,全部产品!A:A), _xlfn.XLOOKUP(A4,全部产品!E:E,全部产品!A:A)))) -> GX
A5: 6SL3310-1TE33-8AA3 | B5: =IFERROR(_xlfn.XLOOKUP(A5,全部产品!B:B,全部产品!F:F), IFERROR(_xlfn.XLOOKUP(A5,全部产品!C:C,全部产品!F:F), IFERROR(_xlfn.XLOOKUP(A5,全部产品!D:D,全部产品!F:F), _xlfn.XLOOKUP(A5,全部产品!E:E,全部产品!F:F)))) -> S120 AC/AC | C5: =IFERROR(_xlfn.XLOOKUP(A5,全部产品!B:B,全部产品!A:A), IFERROR(_xlfn.XLOOKUP(A5,全部产品!C:C,全部产品!A:A), IFERROR(_xlfn.XLOOKUP(A5,全部产品!D:D,全部产品!A:A), _xlfn.XLOOKUP(A5,全部产品!E:E,全部产品!A:A)))) -> GX
A6: 6SL3310-1TE35-0AA3 | B6: =IFERROR(_xlfn.XLOOKUP(A6,全部产品!B:B,全部产品!F:F), IFERROR(_xlfn.XLOOKUP(A6,全部产品!C:C,全部产品!F:F), IFERROR(_xlfn.XLOOKUP(A6,全部产品!D:D,全部产品!F:F), _xlfn.XLOOKUP(A6,全部产品!E:E,全部产品!F:F)))) -> S120 AC/AC | C6: =IFERROR(_xlfn.XLOOKUP(A6,全部产品!B:B,全部产品!A:A), IFERROR(_xlfn.XLOOKUP(A6,全部产品!C:C,全部产品!A:A), IFERROR(_xlfn.XLOOKUP(A6,全部产品!D:D,全部产品!A:A), _xlfn.XLOOKUP(A6,全部产品!E:E,全部产品!A:A)))) -> GX
A7: 6SL3310-1TE32-1AA0 | B7: =IFERROR(_xlfn.XLOOKUP(A7,全部产品!B:B,全部产品!F:F), IFERROR(_xlfn.XLOOKUP(A7,全部产品!C:C,全部产品!F:F), IFERROR(_xlfn.XLOOKUP(A7,全部产品!D:D,全部产品!F:F), _xlfn.XLOOKUP(A7,全部产品!E:E,全部产品!F:F)))) -> S120 AC/AC | C7: =IFERROR(_xlfn.XLOOKUP(A7,全部产品!B:B,全部产品!A:A), IFERROR(_xlfn.XLOOKUP(A7,全部产品!C:C,全部产品!A:A), IFERROR(_xlfn.XLOOKUP(A7,全部产品!D:D,全部产品!A:A), _xlfn.XLOOKUP(A7,全部产品!E:E,全部产品!A:A)))) -> FX
A8: 6SL3310-1TE32-6AA0 | B8: =IFERROR(_xlfn.XLOOKUP(A8,全部产品!B:B,全部产品!F:F), IFERROR(_xlfn.XLOOKUP(A8,全部产品!C:C,全部产品!F:F), IFERROR(_xlfn.XLOOKUP(A8,全部产品!D:D,全部产品!F:F), _xlfn.XLOOKUP(A8,全部产品!E:E,全部产品!F:F)))) -> S120 AC/AC | C8: =IFERROR(_xlfn.XLOOKUP(A8,全部产品!B:B,全部产品!A:A), IFERROR(_xlfn.XLOOKUP(A8,全部产品!C:C,全部产品!A:A), IFERROR(_xlfn.XLOOKUP(A8,全部产品!D:D,全部产品!A:A), _xlfn.XLOOKUP(A8,全部产品!E:E,全部产品!A:A)))) -> FX
A9: 6SL3310-1TE33-1AA0 | B9: =IFERROR(_xlfn.XLOOKUP(A9,全部产品!B:B,全部产品!F:F), IFERROR(_xlfn.XLOOKUP(A9,全部产品!C:C,全部产品!F:F), IFERROR(_xlfn.XLOOKUP(A9,全部产品!D:D,全部产品!F:F), _xlfn.XLOOKUP(A9,全部产品!E:E,全部产品!F:F)))) -> S120 AC/AC | C9: =IFERROR(_xlfn.XLOOKUP(A9,全部产品!B:B,全部产品!A:A), IFERROR(_xlfn.XLOOKUP(A9,全部产品!C:C,全部产品!A:A), IFERROR(_xlfn.XLOOKUP(A9,全部产品!D:D,全部产品!A:A), _xlfn.XLOOKUP(A9,全部产品!E:E,全部产品!A:A)))) -> GX
A10: 6SL3310-1TE33-8AA0 | B10: =IFERROR(_xlfn.XLOOKUP(A10,全部产品!B:B,全部产品!F:F), IFERROR(_xlfn.XLOOKUP(A10,全部产品!C:C,全部产品!F:F), IFERROR(_xlfn.XLOOKUP(A10,全部产品!D:D,全部产品!F:F), _xlfn.XLOOKUP(A10,全部产品!E:E,全部产品!F:F)))) -> S120 AC/AC | C10: =IFERROR(_xlfn.XLOOKUP(A10,全部产品!B:B,全部产品!A:A), IFERROR(_xlfn.XLOOKUP(A10,全部产品!C:C,全部产品!A:A), IFERROR(_xlfn.XLOOKUP(A10,全部产品!D:D,全部产品!A:A), _xlfn.XLOOKUP(A10,全部产品!E:E,全部产品!A:A)))) -> GX
A11: 6SL3310-1TE35-0AA0 | B11: =IFERROR(_xlfn.XLOOKUP(A11,全部产品!B:B,全部产品!F:F), IFERROR(_xlfn.XLOOKUP(A11,全部产品!C:C,全部产品!F:F), IFERROR(_xlfn.XLOOKUP(A11,全部产品!D:D,全部产品!F:F), _xlfn.XLOOKUP(A11,全部产品!E:E,全部产品!F:F)))) -> S120 AC/AC | C11: =IFERROR(_xlfn.XLOOKUP(A11,全部产品!B:B,全部产品!A:A), IFERROR(_xlfn.XLOOKUP(A11,全部产品!C:C,全部产品!A:A), IFERROR(_xlfn.XLOOKUP(A11,全部产品!D:D,全部产品!A:A), _xlfn.XLOOKUP(A11,全部产品!E:E,全部产品!A:A)))) -> GX
A12: 6SL3320-1TE32-1AA3 | B12: =IFERROR(_xlfn.XLOOKUP(A12,全部产品!B:B,全部产品!F:F), IFERROR(_xlfn.XLOOKUP(A12,全部产品!C:C,全部产品!F:F), IFERROR(_xlfn.XLOOKUP(A12,全部产品!D:D,全部产品!F:F), _xlfn.XLOOKUP(A12,全部产品!E:E,全部产品!F:F)))) -> S120 MM | C12: =IFERROR(_xlfn.XLOOKUP(A12,全部产品!B:B,全部产品!A:A), IFERROR(_xlfn.XLOOKUP(A12,全部产品!C:C,全部产品!A:A), IFERROR(_xlfn.XLOOKUP(A12,全部产品!D:D,全部产品!A:A), _xlfn.XLOOKUP(A12,全部产品!E:E,全部产品!A:A)))) -> FX
A13: 6SL3320-1TE32-6AA3 | B13: =IFERROR(_xlfn.XLOOKUP(A13,全部产品!B:B,全部产品!F:F), IFERROR(_xlfn.XLOOKUP(A13,全部产品!C:C,全部产品!F:F), IFERROR(_xlfn.XLOOKUP(A13,全部产品!D:D,全部产品!F:F), _xlfn.XLOOKUP(A13,全部产品!E:E,全部产品!F:F)))) -> S120 MM | C13: =IFERROR(_xlfn.XLOOKUP(A13,全部产品!B:B,全部产品!A:A), IFERROR(_xlfn.XLOOKUP(A13,全部产品!C:C,全部产品!A:A), IFERROR(_xlfn.XLOOKUP(A13,全部产品!D:D,全部产品!A:A), _xlfn.XLOOKUP(A13,全部产品!E:E,全部产品!A:A)))) -> FX
... A445: 6SL3710-2GH41-5AA0 | B445: =IFERROR(_xlfn.XLOOKUP(A445,全部产品!B:B,全部产品!F:F), IFERROR(_xlfn.XLOOKUP(A445,全部产品!C:C,全部产品!F:F), IFERROR(_xlfn.XLOOKUP(A445,全部产品!D:D,全部产品!F:F), _xlfn.XLOOKUP(A445,全部产品!E:E,全部产品!F:F)))) -> G150 | C445: =IFERROR(_xlfn.XLOOKUP(A445,全部产品!B:B,全部产品!A:A), IFERROR(_xlfn.XLOOKUP(A445,全部产品!C:C,全部产品!A:A), IFERROR(_xlfn.XLOOKUP(A445,全部产品!D:D,全部产品!A:A), _xlfn.XLOOKUP(A445,全部产品!E:E,全部产品!A:A)))) -> JX

Sheet 全部产品
A1: 尺寸 | B1: 订货号 | C1: 订货号 | D1: 订货号 | E1: 订货号 | F1: 描述 | G1: 电压等级 | H1: 功率KW | I1: PWB数量 | J1: PWB1规格 | K1: PWB2规格 | L1: PWB3规格 | M1: PWB4规格 | N1: PWB5规格 | O1: PWB6规格 | P1: PWB7规格 | Q1: PWB8规格
A3: S120 AC/AC chassis
A4: FX | B4: 6SL3310-1TE32-1AA3 | D4: 6SL3310-1TE32-1AA0 | F4: S120 AC/AC | G4: 380-480 3AC | H4: 110 | I4: 1 | J4: 整流+U/V/W
A5: FX | B5: 6SL3310-1TE32-6AA3 | D5: 6SL3310-1TE32-6AA0 | F5: S120 AC/AC | G5: 380-480 3AC | H5: 132 | I5: 1 | J5: 整流+U/V/W
A6: GX | B6: 6SL3310-1TE33-1AA3 | D6: 6SL3310-1TE33-1AA0 | F6: S120 AC/AC | G6: 380-480 3AC | H6: 160 | I6: 1 | J6: 整流+U/V/W
A7: GX | B7: 6SL3310-1TE33-8AA3 | D7: 6SL3310-1TE33-8AA0 | F7: S120 AC/AC | G7: 380-480 3AC | H7: 200 | I7: 1 | J7: 整流+U/V/W
A8: GX | B8: 6SL3310-1TE35-0AA3 | D8: 6SL3310-1TE35-0AA0 | F8: S120 AC/AC | G8: 380-480 3AC | H8: 250 | I8: 1 | J8: 整流+U/V/W
A9: S120 MM chassis
A10: FX | B10: 6SL3320-1TE32-1AA3 | C10: 6SL3320-1TE32-1AC3 | D10: 6SL3320-1TE32-1AA0 | E10: 6SL3320-1TE32-1AC0 | F10: S120 MM | G10: 510-720 DC | H10: 110 | I10: 1 | J10: U/V/W
A11: FX | B11: 6SL3320-1TE32-6AA3 | C11: 6SL3320-1TE32-6AC3 | D11: 6SL3320-1TE32-6AA0 | E11: 6SL3320-1TE32-6AC0 | F11: S120 MM | G11: 510-720 DC | H11: 132 | I11: 1 | J11: U/V/W
A12: GX | B12: 6SL3320-1TE33-1AA3 | C12: 6SL3320-1TE33-1AC3 | D12: 6SL3320-1TE33-1AA0 | E12: 6SL3320-1TE33-1AC0 | F12: S120 MM | G12: 510-720 DC | H12: 160 | I12: 1 | J12: U/V/W
A13: GX | B13: 6SL3320-1TE33-8AA3 | C13: 6SL3320-1TE33-8AC3 | D13: 6SL3320-1TE33-8AA0 | E13: 6SL3320-1TE33-8AC0 | F13: S120 MM | G13: 510-720 DC | H13: 200 | I13: 1 | J13: U/V/W
A14: GX | B14: 6SL3320-1TE35-0AA3 | C14: 6SL3320-1TE35-0AC3 | D14: 6SL3320-1TE35-0AA0 | E14: 6SL3320-1TE35-0AC0 | F14: S120 MM | G14: 510-720 DC | H14: 250 | I14: 1 | J14: U/V/W
A15: HX | B15: 6SL3320-1TE36-1AA3 | D15: 6SL3320-1TE36-1AA0 | F15: S120 MM | G15: 510-720 DC | H15: 315 | I15: 2 | J15: U | K15: V/W
A16: HX | B16: 6SL3320-1TE37-5AA3 | D16: 6SL3320-1TE37-5AA0 | F16: S120 MM | G16: 510-720 DC | H16: 400 | I16: 2 | J16: U | K16: V/W
A17: HX | B17: 6SL3320-1TE38-4AA3 | D17: 6SL3320-1TE38-4AA0 | F17: S120 MM | G17: 510-720 DC | H17: 450 | I17: 2 | J17: U | K17: V/W
A18: JX | B18: 6SL3320-1TE41-0AA3 | D18: 6SL3320-1TE41-0AA0 | F18: S120 MM | G18: 510-720 DC | H18: 560 | I18: 3 | J18: U | K18: V | L18: W
A19: JX | B19: 6SL3320-1TE41-2AA3 | D19: 6SL3320-1TE41-2AA0 | F19: S120 MM | G19: 510-720 DC | H19: 710 | I19: 3 | J19: U | K19: V | L19: W
A20: JX | B20: 6SL3320-1TE41-4AA3 | D20: 6SL3320-1TE41-4AA0 | F20: S120 MM | G20: 510-720 DC | H20: 800 | I20: 3 | J20: U | K20: V | L20: W
A21: FX | B21: 6SL3320-1TG28-5AA3 | C21: 6SL3320-1TG28-5AC3 | D21: 6SL3320-1TG28-5AA0 | E21: 6SL3320-1TG28-5AC0 | F21: S120 MM | G21: 675-1035 DC | H21: 75 | I21: 1 | J21: U/V/W
A22: FX | B22: 6SL3320-1TG31-0AA3 | C22: 6SL3320-1TG31-0AC3 | D22: 6SL3320-1TG31-0AA0 | E22: 6SL3320-1TG31-0AC0 | F22: S120 MM | G22: 675-1035 DC | H22: 90 | I22: 1 | J22: U/V/W
A23: FX | B23: 6SL3320-1TG31-2AA3 | C23: 6SL3320-1TG31-2AC3 | D23: 6SL3320-1TG31-2AA0 | E23: 6SL3320-1TG31-2AC0 | F23: S120 MM | G23: 675-1035 DC | H23: 110 | I23: 1 | J23: U/V/W
A24: FX | B24: 6SL3320-1TG31-5AA3 | C24: 6SL3320-1TG31-5AC3 | D24: 6SL3320-1TG31-5AA0 | E24: 6SL3320-1TG31-5AC0 | F24: S120 MM | G24: 675-1035 DC | H24: 132 | I24: 1 | J24: U/V/W
A25: GX | B25: 6SL3320-1TG31-8AA3 | C25: 6SL3320-1TG31-8AC3 | D25: 6SL3320-1TG31-8AA0 | E25: 6SL3320-1TG31-8AC0 | F25: S120 MM | G25: 675-1035 DC | H25: 160 | I25: 1 | J25: U/V/W
A26: GX | B26: 6SL3320-1TG32-2AA3 | C26: 6SL3320-1TG32-2AC3 | D26: 6SL3320-1TG32-2AA0 | E26: 6SL3320-1TG32-2AC0 | F26: S120 MM | G26: 675-1035 DC | H26: 200 | I26: 1 | J26: U/V/W
A27: GX | B27: 6SL3320-1TG32-6AA3 | C27: 6SL3320-1TG32-6AC3 | D27: 6SL3320-1TG32-6AA0 | E27: 6SL3320-1TG32-6AC0 | F27: S120 MM | G27: 675-1035 DC | H27: 250 | I27: 1 | J27: U/V/W
A28: GX | B28: 6SL3320-1TG33-3AA3 | C28: 6SL3320-1TG33-3AC3 | D28: 6SL3320-1TG33-3AA0 | E28: 6SL3320-1TG33-3AC0 | F28: S120 MM | G28: 675-1035 DC | H28: 315 | I28: 1 | J28: U/V/W
A29: HX | B29: 6SL3320-1TG34-1AA3 | D29: 6SL3320-1TG34-1AA0 | F29: S120 MM | G29: 675-1035 DC | H29: 400 | I29: 2 | J29: U | K29: V/W
A30: HX | B30: 6SL3320-1TG34-7AA3 | D30: 6SL3320-1TG34-7AA0 | F30: S120 MM | G30: 675-1035 DC | H30: 450 | I30: 2 | J30: U | K30: V/W
A31: HX | B31: 6SL3320-1TG35-8AA3 | D31: 6SL3320-1TG35-8AA0 | F31: S120 MM | G31: 675-1035 DC | H31: 560 | I31: 2 | J31: U | K31: V/W
A32: JX | B32: 6SL3320-1TG37-4AA3 | D32: 6SL3320-1TG37-4AA0 | F32: S120 MM | G32: 675-1035 DC | H32: 710 | I32: 3 | J32: U | K32: V | L32: W
A33: JX | B33: 6SL3320-1TG38-1AA3 | D33: 6SL3320-1TG38-1AA0 | F33: S120 MM | G33: 675-1035 DC | H33: 800 | I33: 3 | J33: U | K33: V | L33: W
A34: JX | B34: 6SL3320-1TG38-8AA3 | D34: 6SL3320-1TG38-8AA0 | F34: S120 MM | G34: 675-1035 DC | H34: 900 | I34: 3 | J34: U | K34: V | L34: W
A35: JX | B35: 6SL3320-1TG41-0AA3 | D35: 6SL3320-1TG41-0AA0 | F35: S120 MM | G35: 675-1035 DC | H35: 1000 | I35: 3 | J35: U | K35: V | L35: W
A36: JX | B36: 6SL3320-1TG41-3AA3 | D36: 6SL3320-1TG41-3AA0 | F36: S120 MM | G36: 675-1035 DC | H36: 1200 | I36: 3 | J36: U | K36: V | L36: W
A37: S120 ALM chassis
A38: FX | B38: 6SL3330-7TE32-1AA3 | C38: 6SL3330-7TE32-1AB3 | D38: 6SL3330-7TE32-1AA0 | E38: 6SL3330-7TE32-1AB0 | F38: S120 ALM | G38: 380-480 3AC | H38: 132 | I38: 1 | J38: U/V/W
A39: FX | B39: 6SL3330-7TE32-6AA3 | C39: 6SL3330-7TE32-6AB3 | D39: 6SL3330-7TE32-6AA0 | E39: 6SL3330-7TE32-6AB0 | F39: S120 ALM | G39: 380-480 3AC | H39: 160 | I39: 1 | J39: U/V/W
A40: GX | B40: 6SL3330-7TE33-8AA3 | C40: 6SL3330-7TE33-8AB3 | D40: 6SL3330-7TE33-8AA0 | E40: 6SL3330-7TE33-8AB0 | F40: S120 ALM | G40: 380-480 3AC | H40: 235 | I40: 1 | J40: U/V/W
A41: GX | B41: 6SL3330-7TE35-0AA3 | C41: 6SL3330-7TE35-0AB3 | D41: 6SL3330-7TE35-0AA0 | E41: 6SL3330-7TE35-0AB0 | F41: S120 ALM | G41: 380-480 3AC | H41: 300 | I41: 1 | J41: U/V/W
A42: HX | B42: 6SL3330-7TE36-1AA3 | D42: 6SL3330-7TE36-1AA0 | F42: S120 ALM | G42: 380-480 3AC | H42: 380 | I42: 2 | J42: U | K42: V/W
A43: HX | B43: 6SL3330-7TE37-5AA3 | D43: 6SL3330-7TE37-5AA0 | F43: S120 ALM | G43: 380-480 3AC | H43: 450 | I43: 2 | J43: U | K43: V/W
A44: HX | B44: 6SL3330-7TE38-4AA3 | D44: 6SL3330-7TE38-4AA0 | F44: S120 ALM | G44: 380-480 3AC | H44: 500 | I44: 2 | J44: U | K44: V/W
A45: JX | B45: 6SL3330-7TE41-0AA3 | D45: 6SL3330-7TE41-0AA0 | F45: S120 ALM | G45: 380-480 3AC | H45: 630 | I45: 3 | J45: U | K45: V | L45: W
A46: JX | B46: 6SL3330-7TE41-2AA3 | D46: 6SL3330-7TE41-2AA0 | F46: S120 ALM | G46: 380-480 3AC | H46: 800 | I46: 3 | J46: U | K46: V | L46: W
A47: JX | B47: 6SL3330-7TE41-4AA3 | D47: 6SL3330-7TE41-4AA0 | F47: S120 ALM | G47: 380-480 3AC | H47: 900 | I47: 3 | J47: U | K47: V | L47: W
A48: FX | C48: 6SL3330-7TG31-4AB3 | E48: 6SL3330-7TG31-4AB0 | F48: S120 ALM | G48: 500-690 3AC | H48: 150 | I48: 1 | J48: U/V/W
A49: FX | C49: 6SL3330-7TG33-1AB3 | E49: 6SL3330-7TG33-1AB0 | F49: S120 ALM | G49: 500-690 3AC | H49: 330 | I49: 1 | J49: U/V/W
A50: HX | B50: 6SL3330-7TG35-8AA3 | D50: 6SL3330-7TG35-8AA0 | F50: S120 ALM | G50: 500-690 3AC | H50: 560 | I50: 2 | J50: U | K50: V/W
A51: JX | B51: 6SL3330-7TG37-4AA3 | D51: 6SL3330-7TG37-4AA0 | F51: S120 ALM | G51: 500-690 3AC | H51: 800 | I51: 3 | J51: U | K51: V | L51: W
A52: JX | B52: 6SL3330-7TG41-0AA3 | D52: 6SL3330-7TG41-0AA0 | F52: S120 ALM | G52: 500-690 3AC | H52: 1100 | I52: 3 | J52: U | K52: V | L52: W
A53: JX | B53: 6SL3330-7TG41-3AA3 | D53: 6SL3330-7TG41-3AA0 | F53: S120 ALM | G53: 500-690 3AC | H53: 1400 | I53: 3 | J53: U | K53: V | L53: W
A54: S120 SLM chassis
A55: GX | B55: 6SL3330-6TE35-5AA3 | D55: 6SL3330-6TE35-5AA0 | F55: S120 SLM | G55: 380-480 3AC | H55: 250 | I55: 1 | J55: U/V/W
A56: GX | B56: 6SL3330-6TE37-3AA3 | D56: 6SL3330-6TE37-3AA0 | F56: S120 SLM | G56: 380-480 3AC | H56: 355 | I56: 1 | J56: U/V/W
A57: HX | B57: 6SL3330-6TE41-1AA3 | D57: 6SL3330-6TE41-1AA0 | F57: S120 SLM | G57: 380-480 3AC | H57: 500 | I57: 2 | J57: U | K57: V/W
A58: JX | B58: 6SL3330-6TE41-3AA3 | D58: 6SL3330-6TE41-3AA0 | F58: S120 SLM | G58: 380-480 3AC | H58: 630 | I58: 3 | J58: U | K58: V | L58: W
A59: JX | B59: 6SL3330-6TE41-7AA3 | D59: 6SL3330-6TE41-7AA0 | F59: S120 SLM | G59: 380-480 3AC | H59: 800 | I59: 3 | J59: U | K59: V | L59: W
A60: GX | B60: 6SL3330-6TG35-5AA3 | D60: 6SL3330-6TG35-5AA0 | F60: S120 SLM | G60: 500-690 3AC | H60: 450 | I60: 2 | J60: U | K60: V/W
A61: HX | B61: 6SL3330-6TG38-8AA3 | D61: 6SL3330-6TG38-8AA0 | F61: S120 SLM | G61: 500-690 3AC | H61: 710 | I61: 2 | J61: U | K61: V/W
A62: JX | B62: 6SL3330-6TG41-2AA3 | D62: 6SL3330-6TG41-2AA0 | F62: S120 SLM | G62: 500-690 3AC | H62: 1000 | I62: 3 | J62: U | K62: V | L62: W
A63: JX | B63: 6SL3330-6TG41-7AA3 | D63: 6SL3330-6TG41-7AA0 | F63: S120 SLM | G63: 500-690 3AC | H63: 1400 | I63: 3 | J63: U | K63: V | L63: W
A64: S120 BLM chassis
A65: FB | B65: 6SL3330-1TE34-2AA3 | D65: 6SL3330-1TE34-2AA0 | F65: S120 BLM | G65: 380-480 3AC | H65: 200 | I65: 1 | J65: 可控硅
A66: FB | B66: 6SL3330-1TE35-3AA3 | D66: 6SL3330-1TE35-3AA0 | F66: S120 BLM | G66: 380-480 3AC | H66: 250 | I66: 1 | J66: 可控硅
A67: FB | B67: 6SL3330-1TE38-2AA3 | D67: 6SL3330-1TE38-2AA0 | F67: S120 BLM | G67: 380-480 3AC | H67: 400 | I67: 1 | J67: 可控硅
A68: GB | B68: 6SL3330-1TE41-2AA3 | D68: 6SL3330-1TE41-2AA0 | F68: S120 BLM | G68: 380-480 3AC | H68: 560 | I68: 1 | J68: 可控硅
A69: GB | B69: 6SL3330-1TE41-5AA3 | D69: 6SL3330-1TE41-5AA0 | F69: S120 BLM | G69: 380-480 3AC | H69: 710 | I69: 1 | J69: 可控硅
A70: GB | B70: 6SL3330-1TE41-8AA3 | D70: 6SL3330-1TE41-8AA0 | F70: S120 BLM | G70: 380-480 3AC | H70: 900 | I70: 1 | J70: 二极管
A71: FB | B71: 6SL3330-1TG33-0AA3 | D71: 6SL3330-1TG33-0AA0 | F71: S120 BLM | G71: 500-690 3AC | H71: 250 | I71: 1 | J71: 可控硅
A72: FB | B72: 6SL3330-1TG34-3AA3 | D72: 6SL3330-1TG34-3AA0 | F72: S120 BLM | G72: 500-690 3AC | H72: 355 | I72: 1 | J72: 可控硅
A73: FB | B73: 6SL3330-1TG36-8AA3 | D73: 6SL3330-1TG36-8AA0 | F73: S120 BLM | G73: 500-690 3AC | H73: 560 | I73: 1 | J73: 可控硅
A74: GB | B74: 6SL3330-1TG41-1AA3 | D74: 6SL3330-1TG41-1AA0 | F74: S120 BLM | G74: 500-690 3AC | H74: 900 | I74: 1 | J74: 可控硅
A75: GB | B75: 6SL3330-1TG41-4AA3 | D75: 6SL3330-1TG41-4AA0 | F75: S120 BLM | G75: 500-690 3AC | H75: 1100 | I75: 1 | J75: 可控硅
A76: GB | B76: 6SL3330-1TG41-8AA3 | D76: 6SL3330-1TG41-8AA0 | F76: S120 BLM | G76: 500-690 3AC | H76: 1500 | I76: 1 | J76: 二极管
A77: S120 AC/AC Cabinet
A78: FX | B78: 6SL3710-1TE32-1AA3 | D78: 6SL3710-1TE32-1AA0 | F78: S120 AC/AC | G78: 380-480 3AC | H78: 110 | I78: 1 | J78: 整流+U/V/W
A79: FX | B79: 6SL3710-1TE32-6AA3 | D79: 6SL3710-1TE32-6AA0 | F79: S120 AC/AC | G79: 380-480 3AC | H79: 132 | I79: 1 | J79: 整流+U/V/W
A80: GX | B80: 6SL3710-1TE33-1AA3 | D80: 6SL3710-1TE33-1AA0 | F80: S120 AC/AC | G80: 380-480 3AC | H80: 160 | I80: 1 | J80: 整流+U/V/W
A81: GX | B81: 6SL3710-1TE33-8AA3 | D81: 6SL3710-1TE33-8AA0 | F81: S120 AC/AC | G81: 380-480 3AC | H81: 200 | I81: 1 | J81: 整流+U/V/W
A82: GX | B82: 6SL3710-1TE35-0AA3 | D82: 6SL3710-1TE35-0AA0 | F82: S120 AC/AC | G82: 380-480 3AC | H82: 250 | I82: 1 | J82: 整流+U/V/W
A83: S120 MM Cabinet
A84: FX | B84: 6SL3720-1TE32-1AA3 | D84: 6SL3720-1TE32-1AA0 | F84: S120 MM | G84: 510-720 DC | H84: 110 | I84: 1 | J84: U/V/W
A85: FX | B85: 6SL3720-1TE32-6AA3 | D85: 6SL3720-1TE32-6AA0 | F85: S120 MM | G85: 510-720 DC | H85: 132 | I85: 1 | J85: U/V/W
A86: GX | B86: 6SL3720-1TE33-1AA3 | D86: 6SL3720-1TE33-1AA0 | F86: S120 MM | G86: 510-720 DC | H86: 160 | I86: 1 | J86: U/V/W
A87: GX | B87: 6SL3720-1TE33-8AA3 | D87: 6SL3720-1TE33-8AA0 | F87: S120 MM | G87: 510-720 DC | H87: 200 | I87: 1 | J87: U/V/W
A88: GX | B88: 6SL3720-1TE35-0AA3 | D88: 6SL3720-1TE35-0AA0 | F88: S120 MM | G88: 510-720 DC | H88: 250 | I88: 1 | J88: U/V/W
A89: HX | B89: 6SL3720-1TE36-1AA3 | D89: 6SL3720-1TE36-1AA0 | F89: S120 MM | G89: 510-720 DC | H89: 315 | I89: 2 | J89: U | K89: V/W
A90: HX | B90: 6SL3720-1TE37-5AA3 | D90: 6SL3720-1TE37-5AA0 | F90: S120 MM | G90: 510-720 DC | H90: 400 | I90: 2 | J90: U | K90: V/W
A91: HX | B91: 6SL3720-1TE38-4AA3 | D91: 6SL3720-1TE38-4AA0 | F91: S120 MM | G91: 510-720 DC | H91: 450 | I91: 2 | J91: U | K91: V/W
A92: JX | B92: 6SL3720-1TE41-0AA3 | D92: 6SL3720-1TE41-0AA0 | F92: S120 MM | G92: 510-720 DC | H92: 560 | I92: 3 | J92: U | K92: V | L92: W
A93: JX | B93: 6SL3720-1TE41-2AA3 | D93: 6SL3720-1TE41-2AA0 | F93: S120 MM | G93: 510-720 DC | H93: 710 | I93: 3 | J93: U | K93: V | L93: W
A94: JX | B94: 6SL3720-1TE41-4AA3 | D94: 6SL3720-1TE41-4AA0 | F94: S120 MM | G94: 510-720 DC | H94: 800 | I94: 3 | J94: U | K94: V | L94: W
A95: FX | B95: 6SL3720-1TG28-5AA3 | D95: 6SL3720-1TG28-5AA0 | F95: S120 MM | G95: 675-1035 DC | H95: 75 | I95: 1 | J95: U/V/W
A96: FX | B96: 6SL3720-1TG31-0AA3 | D96: 6SL3720-1TG31-0AA0 | F96: S120 MM | G96: 675-1035 DC | H96: 90 | I96: 1 | J96: U/V/W
A97: FX | B97: 6SL3720-1TG31-2AA3 | D97: 6SL3720-1TG31-2AA0 | F97: S120 MM | G97: 675-1035 DC | H97: 110 | I97: 1 | J97: U/V/W
A98: FX | B98: 6SL3720-1TG31-5AA3 | D98: 6SL3720-1TG31-5AA0 | F98: S120 MM | G98: 675-1035 DC | H98: 132 | I98: 1 | J98: U/V/W
A99: GX | B99: 6SL3720-1TG31-8AA3 | D99: 6SL3720-1TG31-8AA0 | F99: S120 MM | G99: 675-1035 DC | H99: 160 | I99: 1 | J99: U/V/W
A100: GX | B100: 6SL3720-1TG32-2AA3 | D100: 6SL3720-1TG32-2AA0 | F100: S120 MM | G100: 675-1035 DC | H100: 200 | I100: 1 | J100: U/V/W
A101: GX | B101: 6SL3720-1TG32-6AA3 | D101: 6SL3720-1TG32-6AA0 | F101: S120 MM | G101: 675-1035 DC | H101: 250 | I101: 1 | J101: U/V/W
...
