Workbook

Sheet Overview
A1: 项目基本信息
A2: 项目名称 | B2: 预维护服务执行平台
A3: 项目概述（背景） | B3: 长期以来，设备预防性维护服务在西门子工业服务产品组合中占有重要地位。高质高效的执行预防性服务一直是西门子服务业务的重要目标。本项目旨在通过数字化手段提升预防性维护服务的质量和效率，主要收益体现在以下几个方面：  更有效地管理客户的设备数据，为客户设备建立全生命周期的维护档案。如车间厂房、IBASE及历史维护数据等信息  维护方案的标准化，不同产品类别和不同行业类型的维护方案高效沉淀为标准数据  项目方案的智能匹配和灵活定制相结合  工程师在现场可以通过移动端，方便地以离线及向导方式收集现场数据  自动生成更专业、更标准、更智能的维护报告
A4: 项目目标 | B4: 开发如下功能模块 Web应用包含以下功能模块： • 客户设备管理，包括客户信息和设备信息等 • 维护项目管理，包括创建项目，方案匹配等 • 维护方案管理，包括创建不同类别的维护方案等 • 报告管理模块，包括生成报告，导出报告和上传报告等 • 系统管理功能，如用户管理，权限管理等 移动端应用包含以下功能模块： • 维护任务管理，包括同步任务数据，创建和查看任务等 • 报告数据收集，包括报告填写向导，路径设计等 • 报告数据存储和上传
A5: 开始时间 | B5: 46113
A6: 结束时间 | B6: 46173
A7: 项目负责人 | B7: 高永
A8: 项目成员 | B8: 曹维群，沈蘅，沈昭昭
A9: 项目订单号

Sheet WBS
A3: 项目名称 | B3: =Overview!B2 -> 预维护服务执行平台 | F3: 合同号 Contract No：
A4: 项目经理 PM： | B4: =Overview!B7 -> 高永 | F4: 主任工程师 Chief Engineer： | H4: =Overview!B8 -> 曹维群，沈蘅，沈昭昭
A5: 开始时间： | B5: =Overview!B5 -> 46113 | F5: 结束时间 | H5: =Overview!B6 -> 46173
A6: 序号No. | B6: 任务名称 Task Name | C6: 计划开始时间 Planed Start Date | D6: 持续时间（day) | E6: 计划结束时间 Planed End Date | F6: 任务责任人 Resp. Person | G6: Task+Person | H6: 开始时间 | I6: 工作量 day | J6: 结束时间 | K6: 所需资源 Resource | L6: 备注 Remark
A7: 1 | B7: sprint-1 搭建基础数据 | G7: =B7&"-"&F7 -> sprint-1 搭建基础数据- | H7: 46113 | I7: 15 | J7: =IF(WBS!H7="","",H7+I7) -> 46128
A8: 1.1 | B8: 项目基础数据 | G8: =B8&"-"&F8 -> 项目基础数据- | J8: =IF(WBS!H8="","",H8+I8)
A9: 1.2 | B9: 方案基础数据 | G9: =B9&"-"&F9 -> 方案基础数据- | J9: =IF(WBS!H9="","",H9+I9)
A10: 1.3 | B10: 任务基础数据 | J10: =IF(WBS!H10="","",H10+I10)
A11: 1.4 | B11: 报告基础数据
B12: 测试环境搭建 | J12: =IF(WBS!H12="","",H12+I12)
J13: =IF(WBS!H13="","",H13+I13)
A14: 2 | B14: sprint-2 完成项目创建 | G14: =B14&"-"&F14 -> sprint-2 完成项目创建- | J14: =IF(WBS!H14="","",H14+I14)
A15: 2.1 | B15: 方案创建与编辑
A16: 2.2 | B16: 项目创建
A17: 2.3 | B17: 任务生成
A20: 3 | B20: sprint-3 移动端操作接口 | G20: =B20&"-"&F20 -> sprint-3 移动端操作接口- | J20: =IF(WBS!H20="","",H20+I20)
A25: 4 | B25: sprint-4 报告生成 | G25: =B25&"-"&F25 -> sprint-4 报告生成- | J25: =IF(WBS!H25="","",H25+I25)
G33: =B33&"-"&F33 -> -
G34: =B34&"-"&F34 -> -
G35: =B35&"-"&F35 -> -

Sheet Time Plan
A1: 任务名称 Task Name | B1: 计划开始时间 Planed Start Date | C1: 持续时间（day) | D1: 计划结束时间 Planed End Date | F1: 日期最小值 | G1: =WBS!B5 -> 46113 | M1: 日期最大值 | N1: =WBS!H5 -> 46173
A2: =IF(WBS!G7="-","",WBS!G7) -> sprint-1 搭建基础数据- | B2: =IF(WBS!H7="","",WBS!H7) -> 46113 | C2: =IF(WBS!I7="","",WBS!I7) -> 15 | D2: =IF(WBS!I7="","",B2+C2) -> 46128
A3: =IF(WBS!G8="-","",WBS!G8) -> 项目基础数据- | B3: =IF(WBS!H8="","",WBS!H8) | C3: =IF(WBS!I8="","",WBS!I8) | D3: =IF(WBS!I8="","",B3+C3)
A4: =IF(WBS!G9="-","",WBS!G9) -> 方案基础数据- | B4: =IF(WBS!H9="","",WBS!H9) | C4: =IF(WBS!I9="","",WBS!I9) | D4: =IF(WBS!I9="","",B4+C4)
A5: =IF(WBS!G10="-","",WBS!G10) -> 0 | B5: =IF(WBS!H10="","",WBS!H10) | C5: =IF(WBS!I10="","",WBS!I10) | D5: =IF(WBS!I10="","",B5+C5)
A6: =IF(WBS!G13="-","",WBS!G13) -> 0 | B6: =IF(WBS!H13="","",WBS!H13) | C6: =IF(WBS!I13="","",WBS!I13) | D6: =IF(WBS!I13="","",B6+C6)
A7: =IF(WBS!G14="-","",WBS!G14) -> sprint-2 完成项目创建- | B7: =IF(WBS!H14="","",WBS!H14) | C7: =IF(WBS!I14="","",WBS!I14) | D7: =IF(WBS!I14="","",B7+C7)
A8: =IF(WBS!G15="-","",WBS!G15) -> 0 | B8: =IF(WBS!H15="","",WBS!H15) | C8: =IF(WBS!I15="","",WBS!I15) | D8: =IF(WBS!I15="","",B8+C8)
A9: =IF(WBS!G16="-","",WBS!G16) -> 0 | B9: =IF(WBS!H16="","",WBS!H16) | C9: =IF(WBS!I16="","",WBS!I16) | D9: =IF(WBS!I16="","",B9+C9)
A10: =IF(WBS!G17="-","",WBS!G17) -> 0 | B10: =IF(WBS!H17="","",WBS!H17) | C10: =IF(WBS!I17="","",WBS!I17) | D10: =IF(WBS!I17="","",B10+C10)
A11: =IF(WBS!G18="-","",WBS!G18) -> 0 | B11: =IF(WBS!H18="","",WBS!H18) | C11: =IF(WBS!I18="","",WBS!I18) | D11: =IF(WBS!I18="","",B11+C11)
A12: =IF(WBS!G19="-","",WBS!G19) -> 0 | B12: =IF(WBS!H19="","",WBS!H19) | C12: =IF(WBS!I19="","",WBS!I19) | D12: =IF(WBS!I19="","",B12+C12)
A13: =IF(WBS!G20="-","",WBS!G20) -> sprint-3 移动端操作接口- | B13: =IF(WBS!H20="","",WBS!H20) | C13: =IF(WBS!I20="","",WBS!I20) | D13: =IF(WBS!I20="","",B13+C13)
A14: =IF(WBS!G21="-","",WBS!G21) -> 0 | B14: =IF(WBS!H21="","",WBS!H21) | C14: =IF(WBS!I21="","",WBS!I21) | D14: =IF(WBS!I21="","",B14+C14)
A15: =IF(WBS!G22="-","",WBS!G22) -> 0 | B15: =IF(WBS!H22="","",WBS!H22) | C15: =IF(WBS!I22="","",WBS!I22) | D15: =IF(WBS!I22="","",B15+C15)
A16: =IF(WBS!G23="-","",WBS!G23) -> 0 | B16: =IF(WBS!H23="","",WBS!H23) | C16: =IF(WBS!I23="","",WBS!I23) | D16: =IF(WBS!I23="","",B16+C16)
A17: =IF(WBS!G24="-","",WBS!G24) -> 0 | B17: =IF(WBS!H24="","",WBS!H24) | C17: =IF(WBS!I24="","",WBS!I24) | D17: =IF(WBS!I24="","",B17+C17)
... A23: =IF(WBS!G30="-","",WBS!G30) -> 0 | B23: =IF(WBS!H30="","",WBS!H30) | C23: =IF(WBS!I30="","",WBS!I30) | D23: =IF(WBS!I30="","",B23+C23)
B24: =IF(WBS!H31="","",WBS!H31) | C24: =IF(WBS!I31="","",WBS!I31) | D24: =IF(WBS!I31="","",B24+C24)

Sheet 架构设计
A1: 开发类别 | B1: 技术栈描述 | C1: 负责人 | D1: 备注
A2: 前端 | B2: vue | C2: 高永
A3: 后端 | B3: .NET10 | C3: 沈蘅，曹维群
A4: 主数据库 | B4: Postgre | D4: linux服务器
A5: 报告数据库 | B5: MongoDB | D5: linux服务器
A6: 其他组件 | B6: Redis | D6: linux服务器
A7: 移动端封装 | B7: uniapp | C7: 沈朝昭 | D7: H5打包为安卓apk
A13: 版本管理工具
A14: code.siemens.com
A16: 项目管理工具
A17: Teams
A18: 项目计划excel
A19: 周会
A21: 测试环境
A22: 本地服务器测试环境
A25: 正式环境
A26: 考虑部署在原来的ISP服务器
A27: http://40.73.59.238/ISPweb/
A29: 前端设计要求

Sheet minutes
A1: 待完成任务 | C1: 45677
A2: 功能模块 | B2: 序号 | C2: 任务 | D2: 负责人 | E2: 客户回复
